INSERT INTO CLIENTE (ID, NOME) VALUES (1, 'Apple Inc');
INSERT INTO CLIENTE (ID, NOME) VALUES (2, 'Google');
INSERT INTO CLIENTE (ID, NOME) VALUES (3, 'Microsoft');
INSERT INTO CLIENTE (ID, NOME) VALUES (4, 'Tesla');
INSERT INTO CLIENTE (ID, NOME) VALUES (5, 'SpaceX');

INSERT INTO MODULO (ID, NOME) VALUES (1, 'Financeiro');
INSERT INTO MODULO (ID, NOME) VALUES (2, 'Vendas');
INSERT INTO MODULO (ID, NOME) VALUES (3, 'Expedição');
INSERT INTO MODULO (ID, NOME) VALUES (4, 'Foguetes');

INSERT INTO TICKET (TITULO, CLIENTE_ID, DATA_ABERTURA, DATA_ENCERRAMENTO, MODULO_ID) VALUES ('Teste', 1, '2021-03-01', '2021-03-04', 1);
INSERT INTO TICKET (TITULO, CLIENTE_ID, DATA_ABERTURA, DATA_ENCERRAMENTO, MODULO_ID) VALUES ('Teste', 2, '2021-03-01', '2021-03-04', 1);
INSERT INTO TICKET (TITULO, CLIENTE_ID, DATA_ABERTURA, DATA_ENCERRAMENTO, MODULO_ID) VALUES ('Teste', 3, '2021-03-01', '2021-03-04', 1);
INSERT INTO TICKET (TITULO, CLIENTE_ID, DATA_ABERTURA, DATA_ENCERRAMENTO, MODULO_ID) VALUES ('Teste', 4, '2021-03-01', '2021-03-04', 1);
INSERT INTO TICKET (TITULO, CLIENTE_ID, DATA_ABERTURA, DATA_ENCERRAMENTO, MODULO_ID) VALUES ('Teste', 5, '2021-03-01', '2021-03-04', 1);
INSERT INTO TICKET (TITULO, CLIENTE_ID, DATA_ABERTURA, DATA_ENCERRAMENTO, MODULO_ID) VALUES ('Teste', 1, '2021-03-01', '2021-03-04', 2);
INSERT INTO TICKET (TITULO, CLIENTE_ID, DATA_ABERTURA, DATA_ENCERRAMENTO, MODULO_ID) VALUES ('Teste', 2, '2021-03-01', '2021-03-04', 2);
INSERT INTO TICKET (TITULO, CLIENTE_ID, DATA_ABERTURA, DATA_ENCERRAMENTO, MODULO_ID) VALUES ('Teste', 3, '2021-03-01', '2021-03-04', 2);
INSERT INTO TICKET (TITULO, CLIENTE_ID, DATA_ABERTURA, DATA_ENCERRAMENTO, MODULO_ID) VALUES ('Teste', 4, '2021-03-01', '2021-03-04', 2);
INSERT INTO TICKET (TITULO, CLIENTE_ID, DATA_ABERTURA, DATA_ENCERRAMENTO, MODULO_ID) VALUES ('Teste', 5, '2021-03-01', '2021-03-04', 2);
INSERT INTO TICKET (TITULO, CLIENTE_ID, DATA_ABERTURA, DATA_ENCERRAMENTO, MODULO_ID) VALUES ('Teste', 1, '2021-03-01', '2021-03-04', 3);
INSERT INTO TICKET (TITULO, CLIENTE_ID, DATA_ABERTURA, DATA_ENCERRAMENTO, MODULO_ID) VALUES ('Teste', 2, '2021-03-01', '2021-03-04', 3);
INSERT INTO TICKET (TITULO, CLIENTE_ID, DATA_ABERTURA, DATA_ENCERRAMENTO, MODULO_ID) VALUES ('Teste', 3, '2021-03-01', '2021-03-04', 3);
INSERT INTO TICKET (TITULO, CLIENTE_ID, DATA_ABERTURA, DATA_ENCERRAMENTO, MODULO_ID) VALUES ('Teste', 4, '2021-03-01', '2021-03-04', 3);
INSERT INTO TICKET (TITULO, CLIENTE_ID, DATA_ABERTURA, DATA_ENCERRAMENTO, MODULO_ID) VALUES ('Teste', 5, '2021-03-01', '2021-03-04', 3);
INSERT INTO TICKET (TITULO, CLIENTE_ID, DATA_ABERTURA, DATA_ENCERRAMENTO, MODULO_ID) VALUES ('Teste', 1, '2021-03-01', '2021-03-04', 4);
INSERT INTO TICKET (TITULO, CLIENTE_ID, DATA_ABERTURA, DATA_ENCERRAMENTO, MODULO_ID) VALUES ('Teste', 2, '2021-03-01', '2021-03-04', 4);
INSERT INTO TICKET (TITULO, CLIENTE_ID, DATA_ABERTURA, DATA_ENCERRAMENTO, MODULO_ID) VALUES ('Teste', 3, '2021-03-01', '2021-03-04', 4);
INSERT INTO TICKET (TITULO, CLIENTE_ID, DATA_ABERTURA, DATA_ENCERRAMENTO, MODULO_ID) VALUES ('Teste', 4, '2021-03-01', '2021-03-04', 4);
INSERT INTO TICKET (TITULO, CLIENTE_ID, DATA_ABERTURA, DATA_ENCERRAMENTO, MODULO_ID) VALUES ('Teste', 5, '2021-03-01', '2021-03-04', 4);
