INSERT INTO CLIENTE (ID, NOME) VALUES (1, 'Apple Inc');
INSERT INTO CLIENTE (ID, NOME) VALUES (2, 'Google');
INSERT INTO CLIENTE (ID, NOME) VALUES (3, 'Microsoft');
INSERT INTO CLIENTE (ID, NOME) VALUES (4, 'Tesla');
INSERT INTO CLIENTE (ID, NOME) VALUES (5, 'SpaceX');

INSERT INTO MODULO (ID, NOME) VALUES (1, 'Financeiro');
INSERT INTO MODULO (ID, NOME) VALUES (2, 'Vendas');
INSERT INTO MODULO (ID, NOME) VALUES (3, 'Expedição');
INSERT INTO MODULO (ID, NOME) VALUES (4, 'Foguetes');

INSERT INTO TICKET (ID, TITULO, COD_CLIENTE, DATA_ABERTURA, DATA_ENCERRAMENTO, COD_MODULO) VALUES (1, 'Teste', 1, '2021-03-01', '2021-03-04', 1);
INSERT INTO TICKET (ID, TITULO, COD_CLIENTE, DATA_ABERTURA, DATA_ENCERRAMENTO, COD_MODULO) VALUES (2, 'Teste', 2, '2021-03-01', '2021-03-04', 1);
INSERT INTO TICKET (ID, TITULO, COD_CLIENTE, DATA_ABERTURA, DATA_ENCERRAMENTO, COD_MODULO) VALUES (3, 'Teste', 3, '2021-03-01', '2021-03-04', 1);
INSERT INTO TICKET (ID, TITULO, COD_CLIENTE, DATA_ABERTURA, DATA_ENCERRAMENTO, COD_MODULO) VALUES (4, 'Teste', 4, '2021-03-01', '2021-03-04', 1);
INSERT INTO TICKET (ID, TITULO, COD_CLIENTE, DATA_ABERTURA, DATA_ENCERRAMENTO, COD_MODULO) VALUES (5, 'Teste', 5, '2021-03-01', '2021-03-04', 1);
INSERT INTO TICKET (ID, TITULO, COD_CLIENTE, DATA_ABERTURA, DATA_ENCERRAMENTO, COD_MODULO) VALUES (6, 'Teste', 1, '2021-03-01', '2021-03-04', 2);
INSERT INTO TICKET (ID, TITULO, COD_CLIENTE, DATA_ABERTURA, DATA_ENCERRAMENTO, COD_MODULO) VALUES (7, 'Teste', 2, '2021-03-01', '2021-03-04', 2);
INSERT INTO TICKET (ID, TITULO, COD_CLIENTE, DATA_ABERTURA, DATA_ENCERRAMENTO, COD_MODULO) VALUES (8, 'Teste', 3, '2021-03-01', '2021-03-04', 2);
INSERT INTO TICKET (ID, TITULO, COD_CLIENTE, DATA_ABERTURA, DATA_ENCERRAMENTO, COD_MODULO) VALUES (9, 'Teste', 4, '2021-03-01', '2021-03-04', 2);
INSERT INTO TICKET (ID, TITULO, COD_CLIENTE, DATA_ABERTURA, DATA_ENCERRAMENTO, COD_MODULO) VALUES (10, 'Teste', 5, '2021-03-01', '2021-03-04', 2);
INSERT INTO TICKET (ID, TITULO, COD_CLIENTE, DATA_ABERTURA, DATA_ENCERRAMENTO, COD_MODULO) VALUES (11, 'Teste', 1, '2021-03-01', '2021-03-04', 3);
INSERT INTO TICKET (ID, TITULO, COD_CLIENTE, DATA_ABERTURA, DATA_ENCERRAMENTO, COD_MODULO) VALUES (12, 'Teste', 2, '2021-03-01', '2021-03-04', 3);
INSERT INTO TICKET (ID, TITULO, COD_CLIENTE, DATA_ABERTURA, DATA_ENCERRAMENTO, COD_MODULO) VALUES (13, 'Teste', 3, '2021-03-01', '2021-03-04', 3);
INSERT INTO TICKET (ID, TITULO, COD_CLIENTE, DATA_ABERTURA, DATA_ENCERRAMENTO, COD_MODULO) VALUES (14, 'Teste', 4, '2021-03-01', '2021-03-04', 3);
INSERT INTO TICKET (ID, TITULO, COD_CLIENTE, DATA_ABERTURA, DATA_ENCERRAMENTO, COD_MODULO) VALUES (15, 'Teste', 5, '2021-03-01', '2021-03-04', 3);
INSERT INTO TICKET (ID, TITULO, COD_CLIENTE, DATA_ABERTURA, DATA_ENCERRAMENTO, COD_MODULO) VALUES (16, 'Teste', 1, '2021-03-01', '2021-03-04', 4);
INSERT INTO TICKET (ID, TITULO, COD_CLIENTE, DATA_ABERTURA, DATA_ENCERRAMENTO, COD_MODULO) VALUES (17, 'Teste', 2, '2021-03-01', '2021-03-04', 4);
INSERT INTO TICKET (ID, TITULO, COD_CLIENTE, DATA_ABERTURA, DATA_ENCERRAMENTO, COD_MODULO) VALUES (18, 'Teste', 3, '2021-03-01', '2021-03-04', 4);
INSERT INTO TICKET (ID, TITULO, COD_CLIENTE, DATA_ABERTURA, DATA_ENCERRAMENTO, COD_MODULO) VALUES (19, 'Teste', 4, '2021-03-01', '2021-03-04', 4);
INSERT INTO TICKET (ID, TITULO, COD_CLIENTE, DATA_ABERTURA, DATA_ENCERRAMENTO, COD_MODULO) VALUES (20, 'Teste', 5, '2021-03-01', '2021-03-04', 4);
